" The customer doesn\'t exist in the system anymore"," Le client n\'existe plus dans le système"
" [deleted]"," [effacé]"
" and "," et "
"%s (Default Template from Locale)","%s (Gabarit par défaut pour la langue)"
"%s cache type(s) disabled.","%s type(s) de cache désactivé."
"%s cache type(s) enabled.","%s type(s) de cache activé."
"%s cache type(s) refreshed.","%s type(s) de cache actualisé."
"(Absolute path or Relative to Magento install root, ex. var/export)","(Chemin absolu ou relatif vers la racine d'installation de Magento, par ex. var/export)"
"(For US 2-letter state names)","(Pour les US, 2 lettres du nom de l'état)"
"(If left empty will be auto-generated)","(Généré automatiquement si non renseigné)"
"(Leave empty for first spreadsheet)","(Laisser vide pour la première feuille de calcul)"
"(Products will be added/updated to this store if 'store' column is blank or missing in the import file.)","(Les produits seront ajoutés/mis à jour dans ce magasin si la colonne 'store' est vide ou manquante dans le fichier d'import)"
"(Shift-)Click or drag to change value","Pour modifier la valeur, cliquez en maintenant la touche shift enfoncée ou glissez"
"(Starting with)","(Commençant par)"
"(When 'No', only mapped fields will be imported. When mapping, use 'column1', 'column2', etc.)","(Si 'Non', seuls les champs mappés seront importés. Lorsque vous utilisez le mapping, utilisez 'column1', 'column2', etc.)"
"(You have to increase php memory_limit before changing this value)","(Vous devez augmenter la mémoire allouée à PHP (php_limit) avant de modifier cette valeur)"
"(\\t for tab)","(\\t pour une tabulation)"
"* - If indexing is in progress, it will be killed and new indexing process will start","* - Si l'indexation est en cours, elle sera arrêté et un nouveau processus d'indexation débutera"
"\- Click on any of the time parts to increase it","\- Cliquez sur n'importe quelle partie de l'heure pour l'augmenter"
"\- Hold mouse button on any of the above buttons for faster selection.","\- Maintenez le bouton de la souris sur n'importe quel bouton ci-dessus pour une sélection rapide"
"\- Use the %s buttons to select month","\- Utilisez les boutons %s pour sélectionner le mois"
"\- Use the %s, %s buttons to select year","\- Utilisez les boutons %s, %s pour sélectionner l'année"
"\- or Shift-click to decrease it","\- ou cliquez en maintenant la touche shift enfoncée pour l'augmenter"
"\- or click and drag for faster selection.","\- ou cliquez et glissez pour une sélection plus rapide"
"\-- Please Select --","\-- Votre choix --"
"\-- Please select --","\-- Votre choix --"
"\-- Please select a category --","\-- Sélectionnez une catégorie --"
"\--Please Select--","[!]--Votre choix--"
"1 Hour","1 Heure"
"12 Hours","12 Heures"
"12h AM/PM","12h AM/PM"
"2 Hours","2 Heures"
"24 Hours","24 Heures"
"24h","24h"
"2YTD","Depuis le début de l'année dernière"
"6 Hours","6 Heures"
"<h1 class=""page-heading"">404 Error</h1><p>Page not found.</p>","<h1 class=""page-heading"">Erreur 404</h1><p>Page introuvable.</p>"
"A new password was sent to your email address. Please check your email and click Back to Login.","Un nouveau mot de passe a été envoyé à votre adresse email. Veuillez vérifier votre courrier électronique et cliquez sur Retour pour vous connecter."
"Abandoned Carts","Paniers abandonnés"
"About the calendar","À propos du calendrier"
"Access Denied.","Accès refusé"
"Access Deny","Refus d'accès"
"Access denied","Accès refusé"
"Access denied.","Accès refusé."
"Account Created in:","Compte créé dans :"
"Account Created on (%s):","Compte créé le (%s) :"
"Account Created on:","Compte créé le :"
"Account Information","Informations du compte"
"Account status","Statut du compte"
"Account successfully saved","Compte sauvegardé"
"Action","Action"
"Actions","Actions"
"Actions XML","XML d'actions"
"Active","Actif"
"Add","Ajouter"
"Add Author","Ajouter un auteur"
"Add Contents Path","Ajouter un chemin de contenus"
"Add Exception","Ajouter une exception"
"Add Field Mapping","Ajouter un mapping de champs"
"Add Field with URL:","Ajouter un champ avec l'URL :"
"Add New Image","Nouvelle image"
"Add New Profile","Nouveau profil"
"Add New Role","Nouveau rôle"
"Add New Template","Ajouter un nouveau gabarit"
"Add New URL Rewrite","Nouvelle Ré-écriture d'URL"
"Add New User","Nouvel utilisateur"
"Add New Variable","Nouvelle Variable"
"Add New osCommerce Profile","Ajoutez un nouveau profil osCommerce"
"Add PHP Extension dependency","Ajouter une dépendance d'extension PHP"
"Add Package dependency","Ajouter une dépendance de package"
"Add URL Rewrite","Ajouter une Ré-écriture d'URL"
"Add URL Rewrite for a Category","Ajoutez une Ré-écriture d'URL pour une catégorie"
"Add URL Rewrite for a Product","Ajoutez une Ré-écriture d'URL pour un produit"
"Add after","Ajoutez après"
"Add new Role","Nouveau rôle"
"Additional Cache Management","Gestion étendue du cache"
"Address Type:","Type d'adresse :"
"Admin","Admin"
"Advanced Admin Section","Section Admin avancée"
"Advanced Profiles","Profils avancés"
"Advanced Section","Section avancée"
"All","Tout"
"All Allowed Countries","Tous les pays autorisés"
"All Cache","Tout le cache"
"All Files","Tous les fichiers"
"All Reviews","Tous les commentaires"
"All Store Views","Toutes les vues magasin"
"All Tags","Tous les tags"
"All Websites","Tous les sites web"
"All countries","Tous les pays"
"All fields","Tous les champs"
"All possible rates were fetched, click on ""Save"" to apply","Tous les taux possibles ont été récupérés, cliquez sur ""Sauvegarder"" pour appliquer les modifications"
"All rates were fetched, click on ""Save"" to apply","Tous les taux sont récupérés, cliquez sur ""Sauvegarder"" pour appliquer les changements"
"All valid rates successfully saved","Tous les taux valides ont été sauvegardés"
"Amounts","Montants"
"Any","Tous"
"Any Attribute Set","Tous les jeux d'attributs"
"Any Group","Tous les groupes"
"Any Status","Tous les statuts"
"Any Store","Tous les magasins"
"Any Type","Tous les types"
"Any Visibility","Toutes les visibilités"
"Api Key","Clé API"
"Api Key Confirmation","Confirmation clé API"
"Archive file name:","Nom du fichier d'archive :"
"Are you sure that you want to delete this template?","Êtes-vous certain de vouloir supprimer ce gabarit ?"
"Are you sure that you want to strip tags?","Êtes-vous sûr de vouloir supprimer les tags ?"
"Are you sure you want to do this?","Êtes-vous sûr de vouloir faire cela ?"
"Area","Zone"
"Assigned","Affecté"
"Associated Tags","Tags associés"
"Attribute Set Name:","Nom du jeu d'attributs"
"Attribute set was successfully removed.","Groupe d'attributs supprimé"
"Attributes","Attributs"
"Authors","Auteurs"
"Available Products","Produits disponibles"
"Average Order Amount","Montant moyen de commande"
"Average Orders","Moyenne des commandes"
"Back","Retour"
"Back to Login","Retour à l'identification"
"Backup","Sauvegarde"
"Backup record was deleted","La sauvegarde a bien été effacée"
"Backup successfully created","La sauvegarde a bien été créée"
"Backups","Sauvegardes"
"Base currency","Devise de base"
"Bcc","Bcc"
"Bestsellers","Meilleures ventes"
"Big Image","Grande image"
"Billing Address","Adresse de facturation"
"Billing address","Adresse de facturation"
"Block Information","Informations du bloc"
"Both (without and with tax)","Les deux (avec et sans taxes)"
"Both IPN and PDT","IPN et PDT"
"Browse Files...","Parcourir les fichiers..."
"Bundle Items","Articles packagés"
"Bundle with dynamic pricing cannot include custom defined options. Options will not be saved.","Un bundle avec un prix dynamique ne peut pas inclure d'options définies. Les options ne seront pas sauvegardées."
"CMS","CMS"
"CRITICAL","critique"
"CSV","CSV"
"CSV / Tab separated","CSV / séparé par des tabulations"
"Cache Control","Contrôle du cache"
"Cache Control (beta)","Contrôle du cache (beta)"
"Cache Management","Gestion du cache"
"Cache Type","Type de Cache"
"Cache storage was flushed successfully.","Le stockage du cache a bien été purgé"
"Can not add new comment.","Impossible d'ajouter un nouveau commentaire."
"Can not add tracking number.","Impossible d'ajouter le numéro de suivi."
"Can not delete tracking number.","Impossible de supprimer le numéro de suivi."
"Can not do credit memo for order","Impossible de faire un avoir pour la commande"
"Can not do shipment for order separate from invoice.","Il n'est pas possible d'envoyer une commande séparée de la facture."
"Can not do shipment for order.","Impossible de créer la livraison pour la commande."
"Can not initialize shipment for adding tracking number.","Impossible d'initialiser l'expédition pour ajouter le numéro de suivi."
"Can not initialize shipment for delete tracking number.","Impossible d'initialiser l'expédition pour supprimer le numéro de suivi."
"Can not load track with retrieving identifier.","Impossible de charger la série avec récupération des identifiants."
"Can not retrieve tracking number detail.","Impossible de récupérer le numéro de suivi détaillé."
"Can not save shipment.","Impossible d'enregistrer l'expédition."
"Can not send shipment information.","Impossible d'envoyer les informations d'expédition."
"Can not update item qty","Mise à jour impossible Qté Article"
"Can't delete design change","Impossible d'effacer le changement d'habillage"
"Can\'t find email address.","Impossible de trouver l\'email."
"Cancel","Annuler"
"Cannot save Credit Memo.","Impossible d'enregistrer l'avoir"
"Card Verification Number","Numéro de vérification"
"Carrier/Method","Transporteur/Mode"
"Catalog","Catalogue"
"Catalog Index rebuild error. Please try again later","Erreur de reconstruction de l'index du catalogue. Veuillez réessayer plus tard."
"Catalog Index was rebuilt successfully","L'index du catalogue a bien été reconstruit"
"Catalog Price Rules","Règles de prix catalogue"
"Catalog Rewrites","Réécriture du catalogue"
"Catalog Rewrites was refreshed successfully","La réécriture du catalogue a bien été actualisée"
"Catalog Rewrites were refreshed successfully","Les réécritures du catalogue ont bien été actualisées"
"CatalogInventory Stock Status rebuild error. Please try again later","Erreur de reconstruction du statut de l'inventaire des stocks. Veuillez réessayer plus tard."
"CatalogInventory Stock Status was rebuilt successfully","Le statut de l'inventaire des stocks a bien été reconstruit"
"Categories","Catégories"
"Category:","Catégorie :"
"Channel","Canal"
"Checkbox","Case à cocher"
"Choose Store View","Choisir une vue magasin"
"Choose an attribute","Choisir un attribut"
"Clear","Vider"
"Close","Fermer"
"Comment text field can not be empty.","Le champ texte de commentaire ne peut pas être vide."
"Comments History","Historique de commentaires"
"Complete","Terminée"
"Configuration","Configuration"
"Configuration successfully saved","La configuration a bien été sauvegardée"
"Confirmed email:","Email confirmé :"
"Connect with the Magento Community","Rejoignez la communauté de Magento"
"Contents","Contenu"
"Convert to Plain Text","Convertir en texte simple"
"Cookie (Unsafe)","Cookie (risqué)"
"Country","Pays"
"Country:","Pays :"
"Coupons","Bons de réduction"
"Create","Créer"
"Create DB Backup","Créez une sauvegarde de la BD"
"Create New Attribute","Créer un nouvel attribut"
"Create URL Rewrite:","Créer une  Ré-écriture d'URL :"
"Created At","Créé le"
"Created At Invoice","Facture créées pendant la période"
"Created At Order","Commandes créées pendant la période"
"Created At Refunded","Remboursements créés pendant la période"
"Created At Shipment","Expéditions créées pendant la période"
"Credit Card Number","Numéro de carte de crédit"
"Credit Card Number: xxxx-%s","<strong>Numéro de carte de paiement :</strong> <span class=""nowrap"">xxxx-%s</span>"
"Credit Card Type","Type de carte de crédit"
"Credit Card Type: %s","<strong>Type de carte de paiement :</strong> <span class=""nowrap"">%s</span>"
"Credit Memo #%s comment added","Commentaire ajouté à l'avoir n°%s"
"Credit Memo #%s created","Avoir n°%s créé"
"Credit Memo History","Historique de l'avoir"
"Credit Memo Totals","Totaux de l'avoir"
"Credit Memo cancel error.","Erreur d'annulation de l'avoir"
"Credit Memo total must be positive.","Le montant total remboursé doit être positif."
"Credit Memo void error","Erreur d'effacement de l'avoir"
"Credit Memo was successfully canceled.","L'avoir a bien été annulé"
"Credit Memo was successfully created","L'avoir a bien été créé"
"Credit Memo was successfully voided","L'avoir a bien été effacé"
"Credit Memos","Avoirs"
"Currency","Devise"
"Currency Information","Information devise"
"Currency Setup Section","Section d'installation de devise"
"Current Configuration Scope:","Portée de la configuration courante :"
"Current Month","Mois en cours"
"Custom","Personnaliser"
"Custom Variable ""%s""","Variable personnalisée ""%s"""
"Custom Variable has been successfully deleted.","La variable personnalisée a bien été supprimée"
"Custom Variable has been successfully saved.","La variable personnalisée a bien été sauvegardée"
"Custom Variables","Variables personnalisées"
"Customer","Client"
"Customer Group:","Groupe de clients :"
"Customer Groups","Groupes clients"
"Customer Name","Nom du client"
"Customer Reviews","Commentaires des clients"
"Customer Shopping Carts","Paniers du client"
"Customer Since:","Client depuis le :"
"Customer Tax Classes","Classes de TVA client"
"Customer was deleted","Le client a été supprimé"
"Customer was successfully saved","Le client a bien été sauvegardé"
"Customer with the same email already exists.","Un client avec la même adresse email existe déjà."
"Customers","Clients"
"Customers By Orders Total","Clients par montant de commande"
"Customers by Number of Orders","Clients par nombre de commandes"
"DHTML Date/Time Selector","Sélecteur de date/heure DHTML"
"Dashboard","Tableau de bord"
"Data Format","Format de données"
"Data transfer:","Transfert de données"
"Date","Date"
"Date & Time","Date & Heure"
"Date Added","Date d'ajout"
"Date Updated","Date de mise à jour"
"Date selection:","Sélection de date :"
"Date selector","Sélecteur de date"
"Day","Jour"
"Decimal separator:","Séparateur de décimales :"
"Default (Admin) Values","Valeurs par défaut (admin)"
"Default Billing Address","Adresse de facturation par défaut"
"Default Config","Configuration par défaut"
"Default Template from Locale","Gabarit par défaut pour la langue"
"Default Values","Valeurs par défaut"
"Default display currency ""%s"" is not available in allowed currencies","L'affichage par défaut de la monnaie ""%s"" n'est pas disponible dans les monnaies autorisées"
"Default scope","Portée par défaut"
"Delete","Supprimer"
"Delete %s","Supprimer %s"
"Delete %s '%s'","Supprimer %s '%s'"
"Delete Profile","Effacer le profil"
"Delete Role","Supprimer le rôle"
"Delete Store View","Effacer la vue magasin"
"Delete Template","Supprimer le gabarit"
"Delete User","Supprimer l'utilisateur"
"Delete Website","Supprimer le site web"
"Description","Description"
"Design","Habillage"
"Design Section","Section Habillage"
"Design change deleted","Changement d'habillage effacé"
"Design change saved","Changement d'habillage sauvegardé"
"Details","Détails"
"Developer Section","Section développeur"
"Direction:","Direction :"
"Disable","Désactiver"
"Disabled","Désactivé"
"Display %s first","Afficher d'abord %s"
"Display default currency","Afficher la devise par défaut"
"Distributed under GNU LGPL. See %s for details.","Distribué sous licence GNU LGPL. Voir %s pour plus de détails."
"Do you really want to KILL parallel process and start new indexing process?","Voulez-vous vraiment supprimer le processus parallèles et lancer un nouveaux processus d'indexation ?"
"Downloads","Téléchargements"
"Drag to move","Glisser pour déplacer"
"Drop-down","Liste déroulante"
"Edit","Éditer"
"Edit Design Change","Éditer le changement d'habillage"
"Edit Email Template","Éditer le gabarit de l'email"
"Edit Poll","Éditer le sondage"
"Edit Queue","Éditer file"
"Edit Review","Éditer le commentaire '%s'"
"Edit Role","Modifier le rôle"
"Edit Store View","Éditer la vue magasin"
"Edit System Template","Éditer le gabarit système"
"Edit Template","Éditer le gabarit"
"Edit URL Rewrite","Éditer Ré-écriture d'URL"
"Edit User","Modifier l'utilisateur"
"Edit User '%s'","Éditer l'utilisateur '%s'"
"Edit Website","Modifier le site web"
"Email","Email"
"Email Address:","Adresse email :"
"Email Preview","Prévisualisation de l'email"
"Email Template was successfully deleted.","Le gabarit de mail a bien été supprimé"
"Email Template was successfully saved.","Le gabarit de mail a bien été sauvegardé"
"Email address is empty.","L'adresse email est vide."
"Email to a Friend","Envoyer à un ami"
"Email:","Email :"
"Enable","Activer"
"Enabled","Activé"
"Enclose Values In:","Entourer les valeurs avec :"
"Entity Type","Type d'entité"
"Entity type:","Type d'entité :"
"Error while cleared Image cache. Please try again later","Erreur lors de la purge du cache image. Veuillez réessayer plus tard."
"Error while cleared Image cache. Please try again later.","Erreur lors de la purge du cache image. Veuillez réessayer plus tard."
"Error while cleared JavaScript/CSS cache. Please try again later.","Erreur lors de la purge du cache JavaScript/CSS. Veuillez réessayer plus tard."
"Error while create backup. Please try again later","Erreur lors de la création de la sauvegarde. Veuillez réessayer plus tard."
"Error while deleting email template data. Please review log and try again.","Erreur lors de la suppression des données de gabarit d'email. Veuillez vérifier les logs et réessayer plus tard."
"Error while deleting this role. Please try again later.","Erreur pendant la suppression de ce rôle. Veuillez réessayer plus tard."
"Error while deleting this set.","Erreur pendant la suppression de ce groupe"
"Error while deleting this template. Please try again later.","Erreur lors de la suppression de ce gabarit. Veuillez réessayer plus tard."
"Error while finished process. Please refresh cache","Erreur lors de la fin du processus. Veuillez rafraichir le cache."
"Error while refreshed Catalog Rewrites. Please try again later","Erreur lors de l'actualisation de la réécriture du catalogue. Veuillez réessayer plus tard."
"Error while refreshed Layered Navigation Indices. Please try again later","Erreur lors de l'actualisation des index de niveau de navigation. Veuillez réessayer plus tard."
"Error while saving account. Please try again later","Erreur lors de la sauvegarde du compte. Veuillez réessayer plus tard."
"Error while saving this configuration: ","Erreur lors de la sauvegarde de la configuration : "
"Error while saving this role. Please try again later.","Erreur pendant la sauvegarde de ce rôle. Veuillez réessayer plus tard."
"Error while saving this template. Please try again later.","Erreur lors de la sauvegarde de ce gabarit. Veuillez réessayer plus tard."
"Error while updating selected review(s). Please try again later.","Erreur lors de la mise à jour des commentaires sélectionnés. Veuillez réessayer plus tard."
"Excel","Excel"
"Excl. Tax","HT"
"Expiration Date","Date d'expiration"
"Expiration Date: %s/%s","Date d'expiration : %s/%s"
"Export","Exporter"
"Export CSV","Exporter en CSV"
"Export Filters","Filtres d'export"
"Export to:","Exporter vers :"
"Export:","Export :"
"Extension","Extension"
"Extensions","Extensions"
"FTP Host[:Port]","Hôte FTP [:Port]"
"Failed to add a product to cart by id ""%s""","Impossible d'ajouter un produit au panier par id ""%s"""
"Failed to clear JavaScript/CSS cache.","Impossible de purger le cache JavaScript/CSS."
"Failed to save invoice.","Impossible d'enregistrer la facture."
"Field","Champ"
"Field Mapping","Mapping de champs"
"File","Fichier"
"File Information","Informations du fichier"
"File name:","Nom du fichier :"
"File size should be more than 0 bytes","Le fichier doit avoir une taille supérieure à 0 octets"
"Files","Fichiers"
"Final Price","Prix final"
"Finished profile execution.","Exécution du profil terminée."
"First Name","Prénom"
"First Name is required field.","Le prénom est requis."
"First Name:","Prénom :"
"Firstname","Prénom"
"Fixed","Fixé"
"Flat Catalog Category rebuild error","Erreur de reconstruction des catégories de catalogue fixes."
"Flat Catalog Category was rebuilt successfully","Le catalogue à plat des catégories a bien été reconstruit"
"Flat Catalog Product rebuild error. Please try again later","Erreur de reconstruction du catalogue produit fixe. Veuillez réessayer plus tard."
"Flat Catalog Product was rebuilt successfully","Le catalogue à plat des produits a bien été reconstruit"
"Flush Catalog Images Cache","Purger le Cache des Images Catalogue"
"Flush JavaScript/CSS Cache","Purger le Cache JavaScript/CSS"
"For category","Pour une catégorie"
"For latest version visit: %s","Pour la visite de la dernière version : %s"
"For product","Pour un produit"
"Forgot your password?","Mot de passe oublié ?"
"Forgot your user name or password?","Nom d'utilisateur ou mot de passe oublié ?"
"From","De"
"GLOBAL","GLOBAL"
"Gb","Go"
"General Information","Informations générales"
"General Section","Section générale"
"Get Image Base64","Récupérer l'image Base64"
"Get help for this page","Obtenir de l'aide pour cette page"
"Global Attribute","Attribut global"
"Global Record Search","Recherche globale"
"Global Search","Recherche globale"
"Go Today","Aller à aujourd'hui"
"Google Base","Google Base"
"Google Base Items","Articles Google Base"
"Google Sitemaps","Google Sitemaps"
"Grand Total","Montant global"
"Grid (default) / List","Grille (par défaut) / Liste"
"Grid only","Grille seulement"
"Group node name should be specified with field node name.","Le nom du noeud de groupe devrait être renseigné avec le nom du noeud de champ."
"Group:","Groupe :"
"Guest","Invité"
"HTTP (unsecure)","HTTP (non sécurisé)"
"HTTPS (SSL)","HTTPS (SSL)"
"Help Us Keep Magento Healthy - Report All Bugs","Aidez-nous à améliorer Magento - Signalez tous les bugs"
"Home","Accueil"
"ID","ID"
"ID Path","ID chemin"
"IP Address","Adresse IP"
"IPN (Instant Payment Notification) Only","Notification instantanée de paiement (IPN) seulement"
"If this message persists, please contact the store owner.","Si ce message perssiste, merci de contacter le dirigeant du magasin."
"Ignore","Ignorer"
"Image cache was cleaned successfully.","Le cache image a bien été nettoyé"
"Image cache was cleared successfully","Le cache image a bien été effacé"
"Images","Images"
"Images (.gif, .jpg, .png)","Images (.gif, .jpg, .png)"
"Images Cache","Cache Images"
"Import","Importer"
"Import Service","Service d'import"
"Import and Export","Importer et Exporter"
"Import and Export Tax Rates","Importer et Exporter des Taux de TVA"
"Import/Export","Importer/Exporter"
"Import/Export Advanced","Import/export avancé"
"Import/Export Profile","Profil d'importation/exportation"
"Imported <strong>%s</strong> records","<strong>%s</strong> enregistrements importés"
"In","En"
"In Database:","Dans la base de données :"
"In File:","Dans le fichier :"
"Inactive","Inactif"
"Incl. Tax","TTC"
"Include","Inclure"
"Incoming Message","Message entrant"
"Insert Variable...","Insérer une variable..."
"Interactive","Interactif"
"Interface Locale: %s","Langue de l'interface : %s"
"Invalid Form Key. Please refresh the page.","Clé de formulaire invalide. Veuillez actualiser la page."
"Invalid Import Service Specified","Service d'importation spécifié non valide"
"Invalid POST data (please check post_max_size and upload_max_filesize settings in you php.ini file)","Données POST invalides (Veuillez vérifier les paramètres post_max_size et upload_max_filesize dans votre fichier php.ini)"
"Invalid Secret Key. Please refresh the page.","Clé Secrète invalide. Veuillez actualiser la page."
"Invalid Username or Password.","Identifiant ou mot de passe non valide"
"Invalid directory: %s","Répertoire invalide : %s"
"Invalid email address ""%s""","Email ""%s"" non valide"
"Invalid file: %s","Fichier invalide : %s"
"Invalid input data for %s => %s rate","Données d'entrée pour %s => taux %s : non valides"
"Invalid parrent block for this block","Bloc parent invalide pour ce bloc."
"Invalid section value","Valeur de section invalide"
"Invalid sender name ""%s"". Please use only visible characters and spaces.","Le nom ""%s"" de l'expéditeur est invalide."
"Invalid store value","Valeur de magasin invalide"
"Invalid website value","Valeur de site web invalide"
"Invalidated","Invalidé"
"Inventory Stock Status","Statut du stock de l'inventaire"
"Invoice #%s comment added","Commentaire ajouté à la facture n°%s"
"Invoice #%s created","Facture n°%s créée"
"Invoice History","Historique de la facture"
"Invoice Totals","Totaux de la facture"
"Invoice and shipment have been successfully created.","La facture et l'expédition ont bien été créées"
"Invoice cancel error.","Erreur d'annulation de facture."
"Invoice capture error","Erreur de saisie de facture."
"Invoice has been successfully created.","La facture a été créée"
"Invoice void error","Erreur : Facture vide."
"Invoice was successfully canceled.","La facture a été annulée"
"Invoice was successfully captured","La facture a été saisie"
"Invoice was successfully voided","La facture a été annulée"
"Invoice without products could not be created.","Une facture sans produits n'a put être créée."
"Invoices","Factures"
"Issue Number","Numéro de problème"
"Issuer: %s","Problème : %s"
"Items","Articles"
"JavaScript/CSS","JavaScript/CSS"
"JavaScript/CSS Cache","Cache JavaScript/CSS"
"JavaScript/CSS cache has been cleared successfully.","Le cache JavaScript/CSS a été effacé"
"JavaScript/CSS cache was cleaned successfully.","Le cache JavaScript/CSS a été nettoyé"
"Kb","Ko"
"Last 24 hours","Dernières 24 heures"
"Last 5 Orders","5 dernières commandes"
"Last 5 Search Terms","5 derniers termes recherchés"
"Last 7 days","7 derniers jours"
"Last Logged In (%s):","Dernière connection (%s) le :"
"Last Logged In:","Dernière connection le :"
"Last Name","Nom"
"Last Name is required field.","Le Nom est requis."
"Last Name:","Nom :"
"Last updated: %s. To refresh last day's <a href=""%s"">statistics</a>, click <a href=""%s"">here</a>","Dernière mise à jour : %s. Pour actualiser les <a href=""%s"">statistiques</a> des derniers jours, cliquez <a href=""%s"">ici</a>"
"Last updated: %s. To refresh last day\'s <a href=""%s"">statistics</a>, click <a href=""%s"">here</a>","Dernière mise à jour : %s. Pour actualiser les <a href=""%s"">statistiques</a> des derniers jours, cliquez <a href=""%s"">ici</a>"
"Lastname","Nom"
"Latest Message:","Dernier message :"
"Layered Navigation Indices","Index de navigation par filtre"
"Layered Navigation Indices was refreshed successfully","L'index de navigation par filtre a été actualisé"
"Layered Navigation Indices were refreshed successfully","L'index de navigation par filtre a été actualisé"
"Layered Navigation indexing queue cancelled","La file d'attente de l'indexation de la navigation par filtre a été effacée."
"Layered Navigation indexing queued","L'indexation de la navigation par filtre a été ajoutée à la file d'attente."
"Layered Navigation process queued to be killed"," L'arrêt du processus de navigation par filtre a été ajouté à la file d'attente."
"Leave empty to use tax identifier","Laissez vide pour utiliser l'identifiant de TVA"
"Lifetime Sales","Total des ventes"
"Lifetime statistics was successfully updated","Les statistiques générales ont été mises à jour"
"Links","Liens"
"Links with associated products will retain only after saving current product.","Les liens vers les produits associés ne seront conservés qu'après sauvegarde du produit actuel."
"List (default) / Grid","Liste (par défaut) / grille"
"List only","Liste seulement"
"Load Template","Charger le gabarit"
"Load default template","Charger le gabarit par défaut"
"Loading...","En cours de chargement..."
"Local Server","Serveur local"
"Local/Remote Server","Serveur local/distant"
"Locale","Profil local"
"Log Out","Déconnexion"
"Log in to Admin Panel","<em>Connexion</em> à l'administration"
"Log into Magento Admin Page","Connexion à l'administration Magento"
"Logged in as %s","Connecté sous <strong>%s</strong>"
"Login","Se connecter"
"Low Stock","Stock bas"
"MAJOR","MAJEUR"
"MINOR","MINEUR"
"MS Excel XML","XML MS Excel"
"Magento Admin","Admin Magento"
"Magento Commerce - Administrative Panel","Panneau de gestion - Magento Commerce"
"Magento Connect","Magento Connect"
"Magento Connect Manager","Gestion Magento Connect"
"Magento Logo","Logo Magento"
"Magento cache storage was flushed successfully .","Le cache Magento a été purgé"
"Magento is a trademark of Irubin Consulting Inc. DBA Varien. Copyright &copy; %s Irubin Consulting Inc.","Magento est une marque déposée de Irubin Consulting Inc. DBA Varien. Copyright &copy; %s Irubin Consulting Inc."
"Magento ver. %s","Magento <strong>ver. %s</strong>"
"Magento&trade; is a trademark of Irubin Consulting Inc. DBA Varien.<br/>Copyright &copy; %s Irubin Consulting Inc.","Magento&trade; est une marque déposée de Irubin Consulting Inc. DBA Varien.<br/>Copyright &copy; %s Irubin Consulting Inc."
"Manage Attribute Sets","Gérer les groupes d'attributs"
"Manage Attributes","Gérer les attributs"
"Manage Categories","Gérer les catégories"
"Manage Content","Gérer le contenu"
"Manage Currency Rates","Gestion des taux des devises"
"Manage Customers","Gérer les clients"
"Manage Ratings","Gérer les notations"
"Manage Stores","Gestion des magasins"
"Manage Tax Rules","Gérer les règles de TVA"
"Manage Tax Zones and Rates","Gérer les zones de taxes et les taux"
"Manage osCommerce Orders","Gestion des commandes osCommerce"
"Manage osCommerce Profiles","Gestion des profils osCommerce"
"Matched expression","Expression correspondante"
"Max","Max"
"Mb","Mo"
"Media (.avi, .flv, .swf)","Média (.avi, .flv, .swf)"
"Messages Inbox","Messages reçus"
"Min","Min"
"Month","Mois"
"Most Viewed","Les plus consultés"
"Most Viewed Products","Produits les plus consultés"
"Multiple Select","Sélection multiple"
"My Account","Mon compte"
"N/A","N/A"
"NOTICE","annonce"
"Name","Nom"
"Name on Card","Propriétaire de la carte"
"Name on the Card: %s","<strong>Nom sur la carte :</strong> <span class=""nowrap"">%s</span>"
"Name:","Nom :"
"New ","Nouveau "
"New Accounts","Nouveaux comptes"
"New Api Key","Nouvelle clé API"
"New Attribute","Nouvel Attribut"
"New Block","Nouveau bloc"
"New Category","Nouvelle catégorie"
"New Class","Nouvelle classe"
"New Condition","Nouvelle condition"
"New Custom Variable","Nouvelle Variable Personnalisée"
"New Customer","Nouveau client"
"New Customers","Nouveaux clients"
"New Design Change","Nouveau changement d'habillage"
"New Email Template","Nouveau gabarit de mail"
"New Group","Nouveau groupe"
"New Invoice","Nouvelle facture"
"New Item Type","Nouveau type d'article"
"New Memo","Nouvel avoir"
"New Memo for #%s","Nouvel avoir pour n°%s"
"New Page","Nouvelle page"
"New Password","Nouveau mot de passe"
"New Poll","Nouveau sondage"
"New Profile","Nouveau profil"
"New Rate","Nouveau taux"
"New Rating","Nouvelle notation"
"New Review","Nouveau commentaire"
"New Role","Nouveau rôle"
"New Rule","Nouvelle règle"
"New Search","Nouvelle recherche"
"New Set","Nouveau groupe"
"New Shipment","Nouvelle livraison"
"New Sitemap","Nouveau plan de site"
"New Store View","Nouvelle vue magasin"
"New System Template","Nouveau gabarit système"
"New Tag","Nouveau Tag"
"New Template","Nouveau gabarit"
"New User","Nouvel utilisateur"
"New Variable","Nouvelle Variable"
"New Website","Nouveau site web"
"New admin password","Nouveau mot de passe administrateur"
"Newsletter","Newsletter"
"Newsletter Problems","Problèmes de Newsletter"
"Newsletter Queue","File d'attente Newsletter"
"Newsletter Subscribers","Abonnés à la Newsletter"
"Newsletter Templates","Gabarits Newsletter"
"Next month (hold for menu)","Mois suivant (maintenez pour le menu)"
"Next page","Page suivante"
"Next year (hold for menu)","Année prochaine (maintenez pour le menu)"
"No","Non"
"No (price without tax)","Non (prix sans taxes)"
"No Data Found","Aucune donnée"
"No Templates Found","Aucun gabarit trouvé"
"No change","Aucun changement"
"No profile","Aucun profil"
"No profile loaded...","Aucun profil chargé..."
"No records found for this period.","Aucune donnée pour cette période."
"No records found.","Aucun élément trouvé."
"No report code specified","Aucun code de retour spécifié."
"No search keywords.","Aucun mot clé de recherche."
"No search modules registered","Aucun module de recherche enregistré"
"None","Aucun"
"Note:","Remarque :"
"Notifications","Notifications"
"Number of Orders","Nombre de commandes"
"Number of Uses","Nombre d'utilisations"
"Number of records:","Nombre d'enregistrements :"
"Old rate:","Ancien taux :"
"One of options row has error","Une Erreur s'est glissée dans une des lignes d'options"
"One or more of the Cache Types are invalidated:","Un ou plusieurs Type de Cache est invalide."
"Online Customers","Clients en ligne"
"Only attributes with scope ""Global"", input type ""Dropdown"" and Use To Create Configurable Product ""Yes"" are available.","Ne sont disponibles que les attributs ayant une portée ""Global"", un type de saisie ""Liste déroulante"" et ayant la valeur ""Oui"" à Utiliser pour créer un produit configurable."
"Only mapped fields","Champs mappés uniquement"
"Optional","Facultatif"
"Options","Options"
"Order #%s","Commande N°%s"
"Order #%s (%s)","Commande n°%s (%s)"
"Order Totals","Totaux commande"
"Order cannot be placed.","Impossible de passer cette commande."
"Order confirmation email not sent","Email de confirmation non envoyé"
"Order confirmation email sent","Email de confirmation envoyé"
"Order does not allow to create an invoice.","Cette commande n'autorise pas la création d'une facture."
"Order not longer exist","La commande n'existe plus"
"Order not longer exist.","La commande n'existe plus."
"Orders","Commandes"
"Original Magento attribute names in first row:","Noms d'attribut d'origine dans la première ligne :"
"PDT (Payment Data Transfer) Only","Transfert de données de paiement (PDT) seulement"
"Package","Paquet"
"Package Extensions","Empaqueter des extensions"
"Packages","Paquets"
"Page","Page"
"Pages","Pages"
"Parent Product Thumbnail","Vignette du produit parent"
"Passive mode","Mode passif"
"Password","Mot de passe"
"Password Confirmation","Confirmation du mot de passe"
"Password confirmation must be same as password.","Les deux mots de passe saisis ne sont pas identiques."
"Password must be at least of %d characters.","Le mot de passe doit comporter au moins %d caractères."
"Password must include both numeric and alphabetic characters.","Le mot de passe doit comporter des chiffres et des lettres."
"Password:","Mot de passe :"
"Path","Chemin"
"Path:","Chemin :"
"Payment method instance is not available","Ce cas de mode de paiement n'est pas disponible"
"Payment method is not available","Ce mode de paiement n'est pas disponible"
"Payment method must be specified","Le mode de paiement doit être indiqué"
"Pending Reviews","Commentaires en attente"
"Pending Tags","Tags en attente"
"Per Item","Par article"
"Per Order","Par commande"
"Percent","Pourcent"
"Performed At","Effectué le"
"Period","Période"
"Permanent (301)","Permanent (301)"
"Permissions","Permissions"
"Personal Information","Informations personnelles"
"Phone:","Téléphone :"
"Please confirm site switching. All data that hasn\'t been saved will be lost.","Veuillez confirmer le changement de site. Toutes les données non sauvegardées seront perdues."
"Please continue with placing order.","Veuillez continuer et passer commande."
"Please enter 6 or more characters.","Veuillez saisir au moins 6 caractères."
"Please enter a number greater than 0 in this field.","Veuillez saisir un nombre supérieur à 0 dans ce champ."
"Please enter a valid $ amount. For example $100.00.","Veuillez saisir un montant valide. Par exemple 100.00 €."
"Please enter a valid URL. For example http://www.example.com or www.example.com","Veuillez saisir une URL valide. Par exemple http://www.exemple.com ou www.exemple.com"
"Please enter a valid URL. http:// is required","Veuillez saisir une URL valide. Elle doit commencer par http://"
"Please enter a valid credit card number.","Veuillez saisir un numéro de carte bancaire valide."
"Please enter a valid date.","Veuillez saisir une date valide."
"Please enter a valid email address. For example johndoe@domain.com.","Veuillez saisir une adresse email valide. Par exemple gerard.manvussat@domaine.com"
"Please enter a valid email.","Veuillez saisir une adresse email valide."
"Please enter a valid number in this field.","Veuillez saisir un nombre valide."
"Please enter a valid phone number. For example (123) 456-7890 or 123-456-7890.","Veuillez saisir un numéro de téléphone valide."
"Please enter a valid social security number. For example 123-45-6789.","Veuillez saisir un numéro de sécurité sociale valide. Par exemple 123-45-6789."
"Please enter a valid value from list","Choisissez une valeur valide dans la liste"
"Please enter a valid value, ex: 10,20,30","Saisissez une valeur valide, par ex : 10, 20, 30"
"Please enter a valid zip code.","Veuillez saisir un code postal valide."
"Please enter a valid zip code. For example 90602 or 90602-1234.","Veuillez saisir un code postal valide. Par exemple 92100."
"Please enter valid password.","Veuillez saisir un mot de passe valide."
"Please fill in 'email' field.","Merci de remplir le champ 'email'"
"Please make sure that all global admin search modules are installed and activated.","Vérifiez que tous les modules admin de recherche sont installés et activés"
"Please make sure that your changes were saved before running the profile.","Vérifiez que vos modifications ont été sauvegardées avant de lancer le profil."
"Please make sure your passwords match.","Vérifiez que vos mots de passe concordent."
"Please select State/Province.","Veuillez choisir un état/province."
"Please select a customer","Sélectionnez un client"
"Please select a store","Sélectionnez un magasin"
"Please select an option.","Sélectionnez une option"
"Please select catalog searches","Sélectionnez des recherches catalogue"
"Please select customer(s)","Sélectionnez un ou plusieurs client(s)"
"Please select one of the above options.","Veuillez choisir une des options ci-dessus."
"Please select one of the options.","Veuillez choisir une des options."
"Please select review(s)","Sélectionnez des commentaires"
"Please select tag(s)","Sélectionnez des tags"
"Please specify admin custom URL","Veuillez indiquer l'URL admin personnalisée"
"Please specify at least start or end date.","Veuillez indiquer au moins une date de début ou de fin."
"Please try to logout and sign in again.","Veuillez essayer de vous déconnecter et vous reconnecter à nouveau."
"Please use in this field only ""a-z,0-9,_"".","Ce champ n'accepte que les caractères ""a-z,0-9,_""."
"Please use letters only (a-z) in this field.","Veuillez utiliser uniquement des lettres (a-z) dans ce champ."
"Please use numbers only in this field. please avoid spaces or other characters such as dots or commas.","Seuls les chiffres sont autorisés dans ce champ. Évitez les espaces ou autres caractères tels que les points ou les virgules."
"Please use only letters (a-z) or numbers (0-9) only in this field. No spaces or other characters are allowed.","Veuillez utiliser uniquement des lettres (a-z) ou des chiffres (0-9) dans ce champ. Les espaces et autres caractères ne sont pas autorisés."
"Please use only letters (a-z) or numbers (0-9) or spaces and # only in this field.","Veuillez utiliser uniquement des lettres (a-z), des chiffres (0-9), des espaces ou des dièses (#) dans ce champ."
"Please use this date format: dd/mm/yyyy. For example 17/03/2006 for the 17th of March, 2006.","Veuillez utiliser ce format de date : jj/mm/aaaa. Par exemple, 21/12/2012 pour le 21 Décembre 2012."
"Please wait while we are refreshing indexes.","Veuillez patienter pendant l'actualisation des indexes."
"Please wait, loading...","Veuillez patienter, chargement en cours..."
"Please wait...","Veuillez patienter..."
"Please, add a few answers to this poll first","Veuillez d'abord répondre à ce questionnaire"
"Please, select visible in stores to this poll first","Veuillez d'abord sélectionner visible dans les magasins pour ce sondage"
"Poll Manager","Gestion des sondages"
"Poll was successfully deleted","Le sondage a bien été supprimé"
"Poll was successfully saved","Le sondage a bien été enregistré"
"Polls","Sondages"
"Popular","Populaire"
"Position of Watermark for %s","Position du filigrane pour %s"
"Pregenerated product images files.","Fichiers Image Produit pré-générés."
"Prev. month (hold for menu)","Mois précédent (maintenez pour le menu)"
"Prev. year (hold for menu)","Année précédente (maintenez pour le menu)"
"Preview","Prévisualiser"
"Preview Template","Prévisualiser le gabarit"
"Previous page","Page précédente"
"Price","Prix"
"Price alert subscription was saved successfully","L'abonnement à l'alerte sur le prix a bien été sauvegardée"
"Price:","Prix :"
"Processed <strong>%s%% %s/%d</strong> records","<strong>%s%% %s/%d</strong> enregistrements traités"
"Product","Produit"
"Product Reviews","Commentaires"
"Product Thumbnail Itself","Vignette du produit lui-même"
"Product:","Produit :"
"Products","Produits"
"Products Ordered","Produits commandés"
"Products in Carts","Produits dans des paniers"
"Profile Action","Action de profil"
"Profile Actions XML","XML d'actions du profil"
"Profile Direction","Direction du profil"
"Profile History","Historique du profil"
"Profile Information","Informations du profil"
"Profile Name","Nom du profil"
"Profile Wizard","Assistant de profil"
"Profile was deleted","Le profil a été effacé"
"Profile was successfully saved","Le profil a été sauvegardé"
"Profiles","Profils"
"Promo","Promo"
"Promotions","Promotions"
"Qty","Qté"
"Quantity","Quantité"
"Queue Refresh","Actualiser la file d'attente"
"Queued... Cancel","En file d'attente... Annuler"
"Radio Buttons","Boutons radio"
"Rates","Taux"
"Rating was successfully deleted","Le taux a été supprimé"
"Rating was successfully saved","Le taux a été sauvegardé"
"Read details","Lire les détails"
"Rebuild","Reconstruire"
"Rebuild Catalog Index","Reconstruire l'index du catalogue"
"Rebuild Flat Catalog Category","Reconstruire les Catégories Catalogue Fixes"
"Rebuild Flat Catalog Product","Reconstruire les Produits Catalogue Fixes"
"Recent Orders","Commandes récentes"
"Recent statistics was successfully updated","Les statistiques récentes ont été mises à jour"
"Recursive Dir","Répertoire récursif"
"Redirect","Rediriger"
"Refresh","Actualiser"
"Refresh Now*","Actualiser maintenant*"
"Refresh Statistics","Actualiser les Statistiques"
"Region/State","Département/État"
"Remote FTP","FTP distant"
"Remove","Supprimer"
"Reports","Rapports"
"Request Path","Chemin de requête"
"Required","Obligatoire"
"Reset","Réinitialiser"
"Reset Filter","Réinitialiser le filtre"
"Resize","Redimensionner"
"Resource Access","Accès aux ressources"
"Resources","Ressources"
"Results","Résultats"
"Retrieve Password","Récupérer mot de passe"
"Return Html Version","Revenir à la version HTML"
"Revenue","Revenu"
"Reviews","Commentaires"
"Reviews and Ratings","Commentaires et notations"
"Rewrite Rules","Règles de ré-écriture"
"Role ID","Identifiant du rôle"
"Role Info","Infos du rôle"
"Role Information","Informations du rôle"
"Role Name","Nom du rôle"
"Role Resources","Ressources du rôle"
"Role Users","Utilisateurs ayant ce rôle"
"Role successfully deleted.","Le rôle a été supprimé"
"Role successfully saved.","Le rôle a été enregistré"
"Roles","Rôles"
"Roles Resources","Ressources des rôles"
"Rotate CCW","Tourner dans le sens inverse des aiguilles d'une montre"
"Rotate CW","Tourner dans le sens des aiguilles d'une montre"
"Run","Exécuter"
"Run Profile","Lancer le profil"
"Run Profile In Popup","Lancer le profil dans une popup"
"Run Profile Inside This Window","Lancer le profil dans cette fenêtre"
"Run in popup","Lancer dans une popup"
"Running... Kill","En cours... Tuer"
"SKU","Réf."
"SKU:","Réf. :"
"SSL Error: Invalid or self-signed certificate","Erreur SSL : Certificat invalide ou auto-signé"
"Sales","Ventes"
"Sales Report","Rapport de Ventes"
"Samples","Exemples"
"Save","Sauvegarder"
"Save & Generate","Sauvegarder & Générer"
"Save Account","Sauvegarder le compte"
"Save And Continue Edit","Sauvegarder et continuer à éditer"
"Save Config","Sauvegarder la configuration"
"Save Currency Rates","Sauvegarder les taux de devises"
"Save Profile","Sauvegarder le profil"
"Save Role","Sauvegarder le rôle"
"Save Template","Sauvegarder le gabarit"
"Save User","Sauvegarder l'utilisateur"
"Save and Continue Edit","Sauvegarder et continuer à éditer"
"Save and Continue Editing","Sauvegarder et continuer l'édition"
"Save cache settings","Sauvegarder les paramètres du cache"
"Search","Chercher"
"Search Index","Index de recherche"
"Search Index rebuild error. Please try again later","Erreur de reconstruction de l'index de recherche. Veuillez réessayer plus tard."
"Search Index was rebuilt successfully","L'index de recherche a été reconstruit"
"Search Term","Terme de recherche"
"Search Terms","Termes de recherche"
"Select","Sélectionnez"
"Select All","Tout sélectionner"
"Select Category","Sélectionner une catégorie"
"Select Date","Sélectionner une date"
"Select Range","Sélectionnez une tranche"
"Select Visible","Sélectionner les éléments visibles"
"Select date","Sélectionner une date"
"Selected allow currency ""%s"" is not available in installed currencies","La monnaie autorisée sélectionnée ""%s"" n'est pas disponible dans les monnaies installées"
"Selected base currency is not available in installed currencies","La monnaie de base sélectionnée n'est pas disponible dans les monnaies installées"
"Selected default display currency is not available in allowed currencies","La monnaie choisie dans l'affichage des monnaies par défaut n'est pas disponible dans les monnaies autorisées"
"Selected default display currency is not available in installed currencies","La monnaie choisie dans l'affichage des monnaies par défaut n'est pas disponible dans les monnaies installées"
"Sender","Expéditeur"
"Separate email","Email séparé"
"Shipment #%s comment added","Commentaire ajouté pour l'expédition n°%s"
"Shipment #%s created","Livraison n°%s créée"
"Shipment Comments","Commentaires de livraison"
"Shipment History","Historique de livraison"
"Shipment was successfully created.","L'expédition a été créée"
"Shipment was successfully sent.","La livraison a été expédiée"
"Shipments","Expéditions"
"Shipping","Livraison"
"Shipping Address","Adresse de livraison"
"Shipping Price","Tarif de livraison"
"Shipping address","Adresse de livraison"
"Shipping address selection is not applicable","L'adresse de livraison sélectionnée n'est pas applicable"
"Shipping method must be specified","Le mode de livraison doit être spécifié"
"Shipping method selection is not applicable","Le mode de livraison sélectionné n'est pas applicable"
"Shipping origin","Origine de la livraison"
"Shopping Cart","Panier"
"Shopping Cart Price Rules","Règles de prix du panier"
"Shopping Cart from %s","Panier de %s"
"Show Report for","Afficher le rapport pour "
"Show by","Afficher par"
"Show reviews","Afficher les commentaires"
"Sitemap Information","Informations sur le plan du site"
"Size for %s","Taille pour %s"
"Skip category selection","Passer la sélection de catégorie"
"Some items in this order have different invoice and shipment types. You can create shipment only after the invoice is created.","Certains articles dans cette commande ont des types de livraison et de facturation différents. Vous ne pouvez créer une livraison qu'après avoir créé une facture."
"Some of the ordered items don\'t exist in the catalog anymore and will be removed if you try to edit the order.","Certains articles de cette commande n\'existent plus dans le catalogue et seront enlevés si vous éditez la commande."
"Sorry, this feature is coming soon...","Désolé, cette fonctionnalité sera disponible prochainement..."
"Sort Order","Ordre de tri"
"Specific Countries","Certains pays"
"Specified","Spécifié"
"Spreadsheet Name:","Nom de la feuille de calcul :"
"Start Date","Date de début"
"Start/Reset Validation...","Démarrer/Ré-initialiser la validation..."
"Starting profile execution, please wait...","Démarrage de l'exécution du profil, veuillez patienter..."
"State/Province:","Département/État :"
"Static Blocks","Blocs statiques"
"Status","Statut"
"Status:","Statut :"
"Stock Quantity:","Quantité en stock :"
"Stock notification was saved successfully","Les notifications de stock ont été sauvegardées"
"Store","Magasin"
"Store Email Addresses Section","Section Adresses email du magasin"
"Store View","Vue magasin"
"Store:","Magasin :"
"Stores","Magasins"
"SubTotal","Sous-total"
"Subject","Sujet"
"Submit","Valider"
"Subpackage can't be conflicting","Le sous-paquet ne peut pas être en conflit"
"Subtotal","Sous-total"
"Switch/Solo card issue number: %s","Numéro de problème de carte Switch/Solo : %s"
"Switch/Solo card start Date: %s/%s","Date de début de carte Switch/Solo : %s/%s"
"Switch/Solo/Maestro(UK Domestic) Only","Switch/Solo/Maestro(UK Domestic) seulement"
"Switch/Solo/Maestro(UK Domestic) card issue number: %s","Numéro de problème de carte Switch/Solo/Maestro(UK Domestic) : %s"
"Switch/Solo/Maestro(UK Domestic) card start Date: %s/%s","Date de début de carte Switch/Solo/Maestro(UK Domestic) : %s/%s"
"System","Système"
"System Section","Section Système"
"Tag was successfully deleted","Le tag a été effacé"
"Tag was successfully saved","Le tag a été enregistré"
"Tags","Tags"
"Target","Cible"
"Target Path","Chemin cible"
"Tax","TVA"
"Tb","To"
"Template","Gabarit"
"Template Content","Contenu du gabarit"
"Template Information","Informations gabarit"
"Template Name","Nom du gabarit"
"Template Styles","Styles du gabarit"
"Template Subject","Sujet du gabarit"
"Template Type","Type de gabarit"
"Temporary (302)","Temporaire (302)"
"Terms and Conditions","Conditions générales de ventes"
"Text","Texte"
"The archive can be uncompressed with <a href=""%s"">%s</a> on Windows systems","L'archive peut être décompressée avec <a href=""%s"">%s</a> sous Windows"
"The card has failed verification with issuer bank.","La vérification de la carte avec la banque émettrice a échoué."
"The information in this tab has been changed.","Les informations dans cet onglet ont été changées"
"Themes JavaScript and CSS files combined to one file.","Fichiers de thèmes JavaScript et CSS combinés en un seul fichier."
"This Email template no longer exists","Ce gabarit d'email n'existe plus"
"This Role no longer exists","Ce rôle n'existe plus"
"This User no longer exists","Cet utilisateur n'existe plus"
"This account is","Ce compte est"
"This account is inactive.","Ce compte est inactif."
"This attribute set don\'t have attributes which we can use for configurable product","Ce groupe d\'attributs n\'a aucun attribut pouvant être utilisé pour un produit configurable"
"This attribute shares the same value in all the stores","Cet attribut partage les mêmes valeurs dans tous les magasins."
"This is a demo store. Any orders placed through this store will not be honored or fulfilled.","Ceci est une boutique de démonstration. Aucune commande passée sur cette boutique ne sera honorée."
"This is a required field.","Ce champ est obligatoire."
"This product is currently disabled","Ce produit est actuellement désactivé"
"This section is not allowed.","Cette section n'est pas autorisée."
"This tab contains invalid data. Please solve the problem before saving.","Cet onglet contient des données non valides. Veuillez les corriger avant de sauvegarder."
"This user no longer exists","Cet utilisateur n'existe plus"
"Thumbnail","Miniature"
"Time","Heure"
"Time selection:","Sélection de l'heure :"
"Time:","Heure :"
"To","à"
"Toggle Editor","Changer d'éditeur"
"Tools","Outils"
"Top 5 Search Terms","5 termes les plus recherchés"
"Total","Total"
"Total %d records found","%d élément(s) trouvé(s)"
"Total Invoiced","Total facturé"
"Total Order Amount","Montant total de commande"
"Total Refunded","Total remboursé"
"Total Shipping","Total livraison"
"Total of %d record(s) were successfully deleted","%d enregistrement(s) ont été effacés"
"Total of %d record(s) were successfully updated","%d enregistrement(s) ont été mis à jour"
"Track order","Suivre la commande"
"Track this shipment","Suivre cette livraison"
"Tracking number %s for %s assigned","Numéro de suivi %s assigné à %s"
"Tracking number can not be empty.","Le numéro de suivi ne peut pas être vide."
"Transactional Emails","Emails transactionnels"
"Type","Type"
"Type:","Type :"
"URL Rewrite","Ré-écriture d'URL"
"URL Rewrite Information","Information sur la ré-écriture d'URL"
"URL Rewrite Management","Gestion de la ré-écriture d'URL"
"URL Rewrite has been successfully deleted","La ré-écriture d'URL a été supprimée"
"URL Rewrite has been successfully saved","La ré-écriture d'URL a été sauvegardée"
"Unable to find a Email Template to delete.","Impossible de trouver un gabarit d'email à effacer"
"Unable to find a poll to delete","Impossible de trouver un sondage à supprimer"
"Unable to find a tag to delete","Impossible de trouver un tag à supprimer"
"Unable to find a user to delete","Impossible de trouver un utilisateur à supprimer"
"Unable to initialize import model","Impossible d'initialiser le modèle d'import"
"Unable to refresh lifetime statistics","Impossible d'actualiser les statistiques générales"
"Unable to refresh recent statistics","Impossible d'actualiser les statistiques récentes"
"Unable to save Cron expression","Impossible de sauvegarder l'expression Cron"
"Unable to send invoice email.","Impossible d'envoyer l'email de facturation."
"Unable to send shipment email.","Impossible d'envoyer l'email d'expédition."
"Unknown","Inconnu"
"Unlimited","Illimité"
"Unselect All","Tout déselectionner"
"Unselect Visible","Désélectionner les éléments visibles"
"Update","Mettre à jour"
"Updated At","Mis à jour le"
"Updated At Order","Commandes mises à jour pendant la période"
"Upload File","Télécharger le fichier"
"Upload Files","Télécharger les fichiers"
"Upload HTTP Error","Erreur HTTP de téléchargement"
"Upload I/O Error","Erreur Entrée/Sortie de téléchargement"
"Upload Security Error","Erreur de sécurité de téléchargement"
"Upload import file","Télécharger le fichier à importer"
"Use All Available Attributes","Utiliser tous les attributs disponibles"
"Use Config Settings","Utiliser les paramètres de la configuration"
"Use Default Value","Utiliser la valeur par défaut"
"Use Default Variable Values","Utiliser les valeurs par défaut"
"Use default","Utilisation par défaut"
"Use website","Utiliser le site web"
"Used Currently For","Utilisé actuellement pour"
"Used as Default For","Utilisé par défaut pour"
"User","Utilisateur"
"User Email","Email de l'utilisateur"
"User ID","ID utilisateur"
"User Info","Infos de l'utilisateur"
"User Information","Informations de l'utilisateur"
"User Name","Nom d'utilisateur"
"User Name is required field.","Le nom d'utilisateur est requis."
"User Name:","Nom de l'utilisateur :"
"User Role","Rôle de l'utilisateur"
"User Roles","Rôles utilisateurs"
"User Roles Information","Informations rôle utilisateur"
"User name","Nom d'utilisateur"
"User was successfully deleted","L'utilisateur a été supprimé"
"User was successfully saved","L'utilisateur a été sauvegardé"
"User with the same User Name or Email aleady exists","Un utilisateur avec le même nom d'utilisateur ou adresse email existe déjà"
"Users","Utilisateurs"
"Value","Valeur"
"Value Delimiter:","Délimiteur de valeurs :"
"Variable","Variable"
"Variable Code","Code de Variable"
"Variable HTML Value","Valeur HTML de la variable"
"Variable ID","Identifiant de la variable"
"Variable Name","Nom de la variable"
"Variable Plain Value","Valeur texte de la variable"
"Verification Failed","Échec de la vérification"
"Verification Successful","Vérification réussie"
"View","Afficher"
"View Actions XML","XML des actions"
"View Memo","Voir l'avoir"
"View Memo for #%s","Voir l'avoir pour n°%s"
"View Shipment","Voir livraison"
"View Statistics for","Voir les Statistiques pour"
"Visibility:","Visibilité :"
"Warning! Empty value can cause problems with CSV format.","Attention ! Les valeurs vides peuvent poser problème avec le format CSV."
"Warning!\r\nThis action will remove this user from already assigned role\r\nAre you sure?","Attention !\r\nCette action supprimera cet utilisateur du rôle assigné.\r\nÊtes-vous sûr de vouloir continuer ?"
"Warning!\r\nThis action will remove those users from already assigned roles\r\nAre you sure?","Attention !\r\nCette action supprimera ces utilisateurs des rôles assignés.\r\nÊtes-vous sûr de vouloir continuer ?"
"Warning: Please don't close window during importing/exporting data","Attention : ne fermez pas cette fenêtre pendant l'import/export de données"
"Watermark File for %s","Fichier de filigrane pour %s"
"We appreciate our merchants\' feedback, please <a href=""#"" onclick=""surveyAction(\'yes\'); return false;"">take our survey</a> to provide insight on the features you would like included in Magento. <a href=""#"" onclick=""surveyAction(\'no\'); return false;"">Remove this notification</a>","Nous apprécions les retours des marchands, Merci de bien vouloir <a href=""#"" onclick=""surveyAction(\'yes\'); return false;"">participer à notre enquête</a> afin de nous fournir une vision des fonctionnalités que vous aimeriez voir dans Magento. <a href=""#"" onclick=""surveyAction(\'no\'); return false;"">Enlever cette notification</a>"
"We detected that your JavaScript seem to be disabled.","Il semblerait que la prise en charge de JavaScript par votre navigateur soit désactivée."
"We\'re in our typing table, coding away more features for Magento. Thank you for your patience.","Nous sommes en train de développer de nouvelles fonctionnalités pour Magento. Merci de votre patience."
"Web Section","Section web"
"Web Services","Services web"
"Web services","Services web"
"Website","Site web"
"What is this?","Aide ?"
"Wishlist Report","Liste d'envies"
"Wrong Tag specified","Le Tag spécifié est erroné."
"Wrong column format","Format de colonne non valide"
"Wrong newsletter template.","Mauvais gabarit de newsletter"
"Wrong tab configuration","Mauvaise configuration d'onglet"
"XML","XML"
"YTD","Depuis le début de l'année"
"Year","Année"
"Yes","Oui"
"Yes (only price with tax)","Oui (prix avec taxe seulement)"
"You can not delete self assigned roles.","Vous ne pouvez pas supprimer des rôles auto-assignés"
"You cannot delete account of yourself","Vous ne pouvez pas supprimer votre propre compte"
"You have","Vous avez"
"You have not enought permissions to login.","Votre niveau de permission ne vous permet pas d'ouvrir une session"
"You have not enought permissions to use this functionality.","Vous n'avez pas la permission d'utiliser cette fonctionnalité."
"You must have JavaScript enabled in your browser to utilize the functionality of this website.","La prise en charge du JavaScript doit être activé dans votre navigateur pour utiliser les fonctionnalités de ce site."
"You need specify carrier.","Vous devez spécifier un transporteur."
"You need to specify order items","Vous devez spécifier des éléments de commande."
"You successfully logged out.","Vous vous êtes bien déconnecté"
"Your answers contain duplicates.","Vos réponses contiennent des doublons."
"Your server PHP settings allow you to upload files not more than %s at a time. Please modify post_max_size (currently is %s) and upload_max_filesize (currently is %s) values in php.ini if you want to upload larger files.","Les paramètres de votre serveur PHP ne vous autorisent pas à uploader des fichiers de plus de %s à la fois. Modifiez les valeurs de post_max_size (valeur actuelle %s) et upload_max_filesize (valeur actuelle %s) dans php.ini si vous voulez pouvoir uploader des fichiers plus gros."
"Zip/Postal Code","Code postal"
"Zip/Postal Code:","Code postal :"
"[ deleted ]","[ effacé ]"
"[GLOBAL]","[GLOBAL]"
"[STORE VIEW]","[VUE MAGASIN]"
"[WEBSITE]","[SITE WEB]"
"b","o"
"close","Fermer"
"critical","critique"
"example: ""sitemap/"" or ""/"" for base path (path must be writeable)","exemple : ""sitemap/"" ou ""/"" pour le chemin de base (le chemin doit être accessible en écriture)"
"example: sitemap.xml","exemple : sitemap.xml"
"from","De"
"images/logo.gif","images/logo.gif"
"items selected","éléments cochés"
"major","majeur"
"minor","mineur"
"notice","annonce"
"of %s pages","sur %s page(s)"
"per page","par page"
"store(%s) scope","portée du magasin (%s)"
"to","à"
"website(%s) scope","portée du site web (%s)"
"{{base_url}} is not recommended to use in a production environment to declare the Base Unsecure URL / Base Secure URL. It is highly recommended to change this value in your Magento <a href=""%s"">configuration</a>.","L'utilisation de {{base_url}} n'est pas recommandée dans un environnement de production. Nous vous recommandons de modifier cette valeur dans votre <a href=""%s"">configuration</a> Magento."
"Please confirm site switching. All data that hasn't been saved will be lost.","Veuillez confirmer le changement de site. Les données qui n'ont pas été sauvegardées seront perdues."
"Yes","Oui"
"No","Non"
"Index Management","Gestion des indexes"
"Show / Hide Editor","Afficher / cacher l'éditeur"
"Tag attribute (ALT, TITLE, etc.)","Attribut de balise (ALT, TITLE, etc.)"
